{
"lengthUnit": "mil",
"remark": [],
"components": {
	"fields": ["COMPONENT_NO", "COMPONENT_NAME", "LAYER", "X_COORDINATE", "Y_COORDINATE", "ANGLE"],
	"rows": [
		[1, "对比度调节", "B", 2810, -630, 180],
		[2, "P1", "T", 2460, -1625, 180],
		[3, "U1", "T", 1064.841, -48.3848, 0],
		[4, "PAD1", "T", 2810, -1575, 0],
		[5, "PAD1", "B", 2810, -1575, 0],
		[6, "PAD2", "T", 2810, -1675, 0],
		[7, "PAD2", "B", 2810, -1675, 0],
		[8, "PAD3", "T", 2710, -1575, 0],
		[9, "PAD3", "B", 2710, -1575, 0],
		[10, "PAD4", "T", 2710, -1675, 0],
		[11, "PAD4", "B", 2710, -1675, 0],
		[12, "PAD5", "T", 2610, -1575, 0],
		[13, "PAD5", "B", 2610, -1575, 0],
		[14, "PAD6", "T", 2610, -1675, 0],
		[15, "PAD6", "B", 2610, -1675, 0],
		[16, "PAD7", "T", 2510, -1575, 0],
		[17, "PAD7", "B", 2510, -1575, 0],
		[18, "PAD8", "T", 2510, -1675, 0],
		[19, "PAD8", "B", 2510, -1675, 0],
		[20, "PAD9", "T", 2410, -1575, 0],
		[21, "PAD9", "B", 2410, -1575, 0],
		[22, "PAD10", "T", 2410, -1675, 0],
		[23, "PAD10", "B", 2410, -1675, 0],
		[24, "PAD11", "T", 2310, -1575, 0],
		[25, "PAD11", "B", 2310, -1575, 0],
		[26, "PAD12", "T", 2310, -1675, 0],
		[27, "PAD12", "B", 2310, -1675, 0],
		[28, "PAD13", "T", 2210, -1575, 0],
		[29, "PAD13", "B", 2210, -1575, 0],
		[30, "PAD14", "T", 2210, -1675, 0],
		[31, "PAD14", "B", 2210, -1675, 0],
		[32, "PAD15", "T", 2110, -1675, 0],
		[33, "PAD15", "B", 2110, -1675, 0],
		[34, "PAD16", "T", 314.841, -48.3848, 0],
		[35, "PAD16", "B", 314.841, -48.3848, 0],
		[36, "PAD17", "T", 414.841, -48.3848, 0],
		[37, "PAD17", "B", 414.841, -48.3848, 0],
		[38, "PAD18", "T", 514.841, -48.3848, 0],
		[39, "PAD18", "B", 514.841, -48.3848, 0],
		[40, "PAD19", "T", 614.841, -48.3848, 0],
		[41, "PAD19", "B", 614.841, -48.3848, 0],
		[42, "PAD20", "T", 714.841, -48.3848, 0],
		[43, "PAD20", "B", 714.841, -48.3848, 0],
		[44, "PAD21", "T", 814.841, -48.3848, 0],
		[45, "PAD21", "B", 814.841, -48.3848, 0],
		[46, "PAD22", "T", 914.841, -48.3848, 0],
		[47, "PAD22", "B", 914.841, -48.3848, 0],
		[48, "PAD23", "T", 1014.841, -48.3848, 0],
		[49, "PAD23", "B", 1014.841, -48.3848, 0],
		[50, "PAD24", "T", 1114.841, -48.3848, 0],
		[51, "PAD24", "B", 1114.841, -48.3848, 0],
		[52, "PAD25", "T", 1214.841, -48.3848, 0],
		[53, "PAD25", "B", 1214.841, -48.3848, 0],
		[54, "PAD26", "T", 1314.841, -48.3848, 0],
		[55, "PAD26", "B", 1314.841, -48.3848, 0],
		[56, "PAD27", "T", 1414.841, -48.3848, 0],
		[57, "PAD27", "B", 1414.841, -48.3848, 0],
		[58, "PAD28", "T", 1514.841, -48.3848, 0],
		[59, "PAD28", "B", 1514.841, -48.3848, 0],
		[60, "PAD29", "T", 1614.841, -48.3848, 0],
		[61, "PAD29", "B", 1614.841, -48.3848, 0],
		[62, "PAD30", "T", 1714.841, -48.3848, 0],
		[63, "PAD30", "B", 1714.841, -48.3848, 0],
		[64, "PAD31", "T", 1814.841, -48.3848, 0],
		[65, "PAD31", "B", 1814.841, -48.3848, 0],
		[66, "PAD32", "T", 2710, -680, 0],
		[67, "PAD32", "B", 2710, -680, 0],
		[68, "PAD33", "T", 2810, -580, 0],
		[69, "PAD33", "B", 2810, -580, 0],
		[70, "PAD34", "T", 2910, -680, 0],
		[71, "PAD34", "B", 2910, -680, 0]
	]
},
"pins": {
	"fields": ["PIN_NO", "PIN_NAME", "PIN_X", "PIN_Y", "LAYER", "PIN_TYPE", "NET_NAME", "NET_TYPE", "PAD_SHAPE", "PAD_SIZEX", "PAD_SIZEY", "HOLE_SIZE", "HOLE_LEN", "PAD_ANGLE"],
	"rows": [
		[1, "对比度调节_1", 2910, -680, "T", "DIP", "G", "", "C", 60, 60, 30, 30, 180],
		[2, "对比度调节_1", 2910, -680, "B", "DIP", "G", "", "C", 60, 60, 30, 30, 180],
		[3, "对比度调节_2", 2810, -580, "T", "DIP", "VO", "", "C", 60, 60, 30, 30, 180],
		[4, "对比度调节_2", 2810, -580, "B", "DIP", "VO", "", "C", 60, 60, 30, 30, 180],
		[5, "对比度调节_3", 2710, -680, "T", "DIP", "5V", "", "C", 60, 60, 30, 30, 180],
		[6, "对比度调节_3", 2710, -680, "B", "DIP", "5V", "", "C", 60, 60, 30, 30, 180],
		[7, "P1_1", 2810, -1575, "T", "DIP", "G", "", "C", 60, 60, 43.3, 43.3, 180],
		[8, "P1_1", 2810, -1575, "B", "DIP", "G", "", "C", 60, 60, 43.3, 43.3, 180],
		[9, "P1_2", 2810, -1675, "T", "DIP", "5V", "", "C", 60, 60, 43.3, 43.3, 180],
		[10, "P1_2", 2810, -1675, "B", "DIP", "5V", "", "C", 60, 60, 43.3, 43.3, 180],
		[11, "P1_3", 2710, -1575, "T", "DIP", "A1", "", "C", 60, 60, 43.3, 43.3, 180],
		[12, "P1_3", 2710, -1575, "B", "DIP", "A1", "", "C", 60, 60, 43.3, 43.3, 180],
		[13, "P1_4", 2710, -1675, "T", "DIP", "A0", "", "C", 60, 60, 43.3, 43.3, 180],
		[14, "P1_4", 2710, -1675, "B", "DIP", "A0", "", "C", 60, 60, 43.3, 43.3, 180],
		[15, "P1_5", 2610, -1575, "T", "DIP", "A3", "", "C", 60, 60, 43.3, 43.3, 180],
		[16, "P1_5", 2610, -1575, "B", "DIP", "A3", "", "C", 60, 60, 43.3, 43.3, 180],
		[17, "P1_6", 2610, -1675, "T", "DIP", "A2", "", "C", 60, 60, 43.3, 43.3, 180],
		[18, "P1_6", 2610, -1675, "B", "DIP", "A2", "", "C", 60, 60, 43.3, 43.3, 180],
		[19, "P1_7", 2510, -1575, "T", "DIP", "A5", "", "C", 60, 60, 43.3, 43.3, 180],
		[20, "P1_7", 2510, -1575, "B", "DIP", "A5", "", "C", 60, 60, 43.3, 43.3, 180],
		[21, "P1_8", 2510, -1675, "T", "DIP", "A4", "", "C", 60, 60, 43.3, 43.3, 180],
		[22, "P1_8", 2510, -1675, "B", "DIP", "A4", "", "C", 60, 60, 43.3, 43.3, 180],
		[23, "P1_9", 2410, -1575, "T", "DIP", "A7", "", "C", 60, 60, 43.3, 43.3, 180],
		[24, "P1_9", 2410, -1575, "B", "DIP", "A7", "", "C", 60, 60, 43.3, 43.3, 180],
		[25, "P1_10", 2410, -1675, "T", "DIP", "A6", "", "C", 60, 60, 43.3, 43.3, 180],
		[26, "P1_10", 2410, -1675, "B", "DIP", "A6", "", "C", 60, 60, 43.3, 43.3, 180],
		[27, "P1_11", 2310, -1575, "T", "DIP", "B12", "", "C", 60, 60, 43.3, 43.3, 180],
		[28, "P1_11", 2310, -1575, "B", "DIP", "B12", "", "C", 60, 60, 43.3, 43.3, 180],
		[29, "P1_12", 2310, -1675, "T", "DIP", "B13", "", "C", 60, 60, 43.3, 43.3, 180],
		[30, "P1_12", 2310, -1675, "B", "DIP", "B13", "", "C", 60, 60, 43.3, 43.3, 180],
		[31, "P1_13", 2210, -1575, "T", "DIP", "B14", "", "C", 60, 60, 43.3, 43.3, 180],
		[32, "P1_13", 2210, -1575, "B", "DIP", "B14", "", "C", 60, 60, 43.3, 43.3, 180],
		[33, "P1_14", 2210, -1675, "T", "DIP", "G", "", "C", 60, 60, 43.3, 43.3, 180],
		[34, "P1_14", 2210, -1675, "B", "DIP", "G", "", "C", 60, 60, 43.3, 43.3, 180],
		[35, "P1_15", 2110, -1575, "T", "DIP", "NET_1", "", "C", 60, 60, 43.3, 43.3, 180],
		[36, "P1_15", 2110, -1575, "B", "DIP", "NET_1", "", "C", 60, 60, 43.3, 43.3, 180],
		[37, "P1_16", 2110, -1675, "T", "DIP", "5V", "", "C", 60, 60, 43.3, 43.3, 180],
		[38, "P1_16", 2110, -1675, "B", "DIP", "5V", "", "C", 60, 60, 43.3, 43.3, 180],
		[39, "U1_1", 314.841, -48.3848, "T", "DIP", "G", "", "R", 57.087, 57.087, 33.464, 33.464, 0],
		[40, "U1_1", 314.841, -48.3848, "B", "DIP", "G", "", "R", 57.087, 57.087, 33.464, 33.464, 0],
		[41, "U1_2", 414.841, -48.3848, "T", "DIP", "5V", "", "C", 57.087, 57.087, 33.464, 33.464, 0],
		[42, "U1_2", 414.841, -48.3848, "B", "DIP", "5V", "", "C", 57.087, 57.087, 33.464, 33.464, 0],
		[43, "U1_3", 514.841, -48.3848, "T", "DIP", "VO", "", "C", 57.087, 57.087, 33.464, 33.464, 0],
		[44, "U1_3", 514.841, -48.3848, "B", "DIP", "VO", "", "C", 57.087, 57.087, 33.464, 33.464, 0],
		[45, "U1_4", 614.841, -48.3848, "T", "DIP", "B12", "", "C", 57.087, 57.087, 33.464, 33.464, 0],
		[46, "U1_4", 614.841, -48.3848, "B", "DIP", "B12", "", "C", 57.087, 57.087, 33.464, 33.464, 0],
		[47, "U1_5", 714.841, -48.3848, "T", "DIP", "B13", "", "C", 57.087, 57.087, 33.464, 33.464, 0],
		[48, "U1_5", 714.841, -48.3848, "B", "DIP", "B13", "", "C", 57.087, 57.087, 33.464, 33.464, 0],
		[49, "U1_6", 814.841, -48.3848, "T", "DIP", "B14", "", "C", 57.087, 57.087, 33.464, 33.464, 0],
		[50, "U1_6", 814.841, -48.3848, "B", "DIP", "B14", "", "C", 57.087, 57.087, 33.464, 33.464, 0],
		[51, "U1_7", 914.841, -48.3848, "T", "DIP", "A0", "", "C", 57.087, 57.087, 33.464, 33.464, 0],
		[52, "U1_7", 914.841, -48.3848, "B", "DIP", "A0", "", "C", 57.087, 57.087, 33.464, 33.464, 0],
		[53, "U1_8", 1014.841, -48.3848, "T", "DIP", "A1", "", "C", 57.087, 57.087, 33.464, 33.464, 0],
		[54, "U1_8", 1014.841, -48.3848, "B", "DIP", "A1", "", "C", 57.087, 57.087, 33.464, 33.464, 0],
		[55, "U1_9", 1114.841, -48.3848, "T", "DIP", "A2", "", "C", 57.087, 57.087, 33.464, 33.464, 0],
		[56, "U1_9", 1114.841, -48.3848, "B", "DIP", "A2", "", "C", 57.087, 57.087, 33.464, 33.464, 0],
		[57, "U1_10", 1214.841, -48.3848, "T", "DIP", "A3", "", "C", 57.087, 57.087, 33.464, 33.464, 0],
		[58, "U1_10", 1214.841, -48.3848, "B", "DIP", "A3", "", "C", 57.087, 57.087, 33.464, 33.464, 0],
		[59, "U1_11", 1314.841, -48.3848, "T", "DIP", "A4", "", "C", 57.087, 57.087, 33.464, 33.464, 0],
		[60, "U1_11", 1314.841, -48.3848, "B", "DIP", "A4", "", "C", 57.087, 57.087, 33.464, 33.464, 0],
		[61, "U1_12", 1414.841, -48.3848, "T", "DIP", "A5", "", "C", 57.087, 57.087, 33.464, 33.464, 0],
		[62, "U1_12", 1414.841, -48.3848, "B", "DIP", "A5", "", "C", 57.087, 57.087, 33.464, 33.464, 0],
		[63, "U1_13", 1514.841, -48.3848, "T", "DIP", "A6", "", "C", 57.087, 57.087, 33.464, 33.464, 0],
		[64, "U1_13", 1514.841, -48.3848, "B", "DIP", "A6", "", "C", 57.087, 57.087, 33.464, 33.464, 0],
		[65, "U1_14", 1614.841, -48.3848, "T", "DIP", "A7", "", "C", 57.087, 57.087, 33.464, 33.464, 0],
		[66, "U1_14", 1614.841, -48.3848, "B", "DIP", "A7", "", "C", 57.087, 57.087, 33.464, 33.464, 0],
		[67, "U1_15", 1714.841, -48.3848, "T", "DIP", "5V", "", "C", 57.087, 57.087, 33.464, 33.464, 0],
		[68, "U1_15", 1714.841, -48.3848, "B", "DIP", "5V", "", "C", 57.087, 57.087, 33.464, 33.464, 0],
		[69, "U1_16", 1814.841, -48.3848, "T", "DIP", "G", "", "C", 57.087, 57.087, 33.464, 33.464, 0],
		[70, "U1_16", 1814.841, -48.3848, "B", "DIP", "G", "", "C", 57.087, 57.087, 33.464, 33.464, 0],
		[71, "PAD1_1", 2810, -1575, "T", "DIP", "G", "", "C", 60, 60, 43.3, 43.3, 180],
		[72, "PAD1_1", 2810, -1575, "B", "DIP", "G", "", "C", 60, 60, 43.3, 43.3, 180],
		[73, "PAD2_2", 2810, -1675, "T", "DIP", "5V", "", "C", 60, 60, 43.3, 43.3, 180],
		[74, "PAD2_2", 2810, -1675, "B", "DIP", "5V", "", "C", 60, 60, 43.3, 43.3, 180],
		[75, "PAD3_3", 2710, -1575, "T", "DIP", "A1", "", "C", 60, 60, 43.3, 43.3, 180],
		[76, "PAD3_3", 2710, -1575, "B", "DIP", "A1", "", "C", 60, 60, 43.3, 43.3, 180],
		[77, "PAD4_4", 2710, -1675, "T", "DIP", "A0", "", "C", 60, 60, 43.3, 43.3, 180],
		[78, "PAD4_4", 2710, -1675, "B", "DIP", "A0", "", "C", 60, 60, 43.3, 43.3, 180],
		[79, "PAD5_5", 2610, -1575, "T", "DIP", "A3", "", "C", 60, 60, 43.3, 43.3, 180],
		[80, "PAD5_5", 2610, -1575, "B", "DIP", "A3", "", "C", 60, 60, 43.3, 43.3, 180],
		[81, "PAD6_6", 2610, -1675, "T", "DIP", "A2", "", "C", 60, 60, 43.3, 43.3, 180],
		[82, "PAD6_6", 2610, -1675, "B", "DIP", "A2", "", "C", 60, 60, 43.3, 43.3, 180],
		[83, "PAD7_7", 2510, -1575, "T", "DIP", "A5", "", "C", 60, 60, 43.3, 43.3, 180],
		[84, "PAD7_7", 2510, -1575, "B", "DIP", "A5", "", "C", 60, 60, 43.3, 43.3, 180],
		[85, "PAD8_8", 2510, -1675, "T", "DIP", "A4", "", "C", 60, 60, 43.3, 43.3, 180],
		[86, "PAD8_8", 2510, -1675, "B", "DIP", "A4", "", "C", 60, 60, 43.3, 43.3, 180],
		[87, "PAD9_9", 2410, -1575, "T", "DIP", "A7", "", "C", 60, 60, 43.3, 43.3, 180],
		[88, "PAD9_9", 2410, -1575, "B", "DIP", "A7", "", "C", 60, 60, 43.3, 43.3, 180],
		[89, "PAD10_10", 2410, -1675, "T", "DIP", "A6", "", "C", 60, 60, 43.3, 43.3, 180],
		[90, "PAD10_10", 2410, -1675, "B", "DIP", "A6", "", "C", 60, 60, 43.3, 43.3, 180],
		[91, "PAD11_11", 2310, -1575, "T", "DIP", "B12", "", "C", 60, 60, 43.3, 43.3, 180],
		[92, "PAD11_11", 2310, -1575, "B", "DIP", "B12", "", "C", 60, 60, 43.3, 43.3, 180],
		[93, "PAD12_12", 2310, -1675, "T", "DIP", "B13", "", "C", 60, 60, 43.3, 43.3, 180],
		[94, "PAD12_12", 2310, -1675, "B", "DIP", "B13", "", "C", 60, 60, 43.3, 43.3, 180],
		[95, "PAD13_13", 2210, -1575, "T", "DIP", "B14", "", "C", 60, 60, 43.3, 43.3, 180],
		[96, "PAD13_13", 2210, -1575, "B", "DIP", "B14", "", "C", 60, 60, 43.3, 43.3, 180],
		[97, "PAD14_14", 2210, -1675, "T", "DIP", "G", "", "C", 60, 60, 43.3, 43.3, 180],
		[98, "PAD14_14", 2210, -1675, "B", "DIP", "G", "", "C", 60, 60, 43.3, 43.3, 180],
		[99, "PAD15_16", 2110, -1675, "T", "DIP", "5V", "", "C", 60, 60, 43.3, 43.3, 180],
		[100, "PAD15_16", 2110, -1675, "B", "DIP", "5V", "", "C", 60, 60, 43.3, 43.3, 180],
		[101, "PAD16_1", 314.841, -48.3848, "T", "DIP", "G", "", "R", 57.087, 57.087, 33.464, 33.464, 0],
		[102, "PAD16_1", 314.841, -48.3848, "B", "DIP", "G", "", "R", 57.087, 57.087, 33.464, 33.464, 0],
		[103, "PAD17_2", 414.841, -48.3848, "T", "DIP", "5V", "", "C", 57.087, 57.087, 33.464, 33.464, 0],
		[104, "PAD17_2", 414.841, -48.3848, "B", "DIP", "5V", "", "C", 57.087, 57.087, 33.464, 33.464, 0],
		[105, "PAD18_3", 514.841, -48.3848, "T", "DIP", "VO", "", "C", 57.087, 57.087, 33.464, 33.464, 0],
		[106, "PAD18_3", 514.841, -48.3848, "B", "DIP", "VO", "", "C", 57.087, 57.087, 33.464, 33.464, 0],
		[107, "PAD19_4", 614.841, -48.3848, "T", "DIP", "B12", "", "C", 57.087, 57.087, 33.464, 33.464, 0],
		[108, "PAD19_4", 614.841, -48.3848, "B", "DIP", "B12", "", "C", 57.087, 57.087, 33.464, 33.464, 0],
		[109, "PAD20_5", 714.841, -48.3848, "T", "DIP", "B13", "", "C", 57.087, 57.087, 33.464, 33.464, 0],
		[110, "PAD20_5", 714.841, -48.3848, "B", "DIP", "B13", "", "C", 57.087, 57.087, 33.464, 33.464, 0],
		[111, "PAD21_6", 814.841, -48.3848, "T", "DIP", "B14", "", "C", 57.087, 57.087, 33.464, 33.464, 0],
		[112, "PAD21_6", 814.841, -48.3848, "B", "DIP", "B14", "", "C", 57.087, 57.087, 33.464, 33.464, 0],
		[113, "PAD22_7", 914.841, -48.3848, "T", "DIP", "A0", "", "C", 57.087, 57.087, 33.464, 33.464, 0],
		[114, "PAD22_7", 914.841, -48.3848, "B", "DIP", "A0", "", "C", 57.087, 57.087, 33.464, 33.464, 0],
		[115, "PAD23_8", 1014.841, -48.3848, "T", "DIP", "A1", "", "C", 57.087, 57.087, 33.464, 33.464, 0],
		[116, "PAD23_8", 1014.841, -48.3848, "B", "DIP", "A1", "", "C", 57.087, 57.087, 33.464, 33.464, 0],
		[117, "PAD24_9", 1114.841, -48.3848, "T", "DIP", "A2", "", "C", 57.087, 57.087, 33.464, 33.464, 0],
		[118, "PAD24_9", 1114.841, -48.3848, "B", "DIP", "A2", "", "C", 57.087, 57.087, 33.464, 33.464, 0],
		[119, "PAD25_10", 1214.841, -48.3848, "T", "DIP", "A3", "", "C", 57.087, 57.087, 33.464, 33.464, 0],
		[120, "PAD25_10", 1214.841, -48.3848, "B", "DIP", "A3", "", "C", 57.087, 57.087, 33.464, 33.464, 0],
		[121, "PAD26_11", 1314.841, -48.3848, "T", "DIP", "A4", "", "C", 57.087, 57.087, 33.464, 33.464, 0],
		[122, "PAD26_11", 1314.841, -48.3848, "B", "DIP", "A4", "", "C", 57.087, 57.087, 33.464, 33.464, 0],
		[123, "PAD27_12", 1414.841, -48.3848, "T", "DIP", "A5", "", "C", 57.087, 57.087, 33.464, 33.464, 0],
		[124, "PAD27_12", 1414.841, -48.3848, "B", "DIP", "A5", "", "C", 57.087, 57.087, 33.464, 33.464, 0],
		[125, "PAD28_13", 1514.841, -48.3848, "T", "DIP", "A6", "", "C", 57.087, 57.087, 33.464, 33.464, 0],
		[126, "PAD28_13", 1514.841, -48.3848, "B", "DIP", "A6", "", "C", 57.087, 57.087, 33.464, 33.464, 0],
		[127, "PAD29_14", 1614.841, -48.3848, "T", "DIP", "A7", "", "C", 57.087, 57.087, 33.464, 33.464, 0],
		[128, "PAD29_14", 1614.841, -48.3848, "B", "DIP", "A7", "", "C", 57.087, 57.087, 33.464, 33.464, 0],
		[129, "PAD30_15", 1714.841, -48.3848, "T", "DIP", "5V", "", "C", 57.087, 57.087, 33.464, 33.464, 0],
		[130, "PAD30_15", 1714.841, -48.3848, "B", "DIP", "5V", "", "C", 57.087, 57.087, 33.464, 33.464, 0],
		[131, "PAD31_16", 1814.841, -48.3848, "T", "DIP", "G", "", "C", 57.087, 57.087, 33.464, 33.464, 0],
		[132, "PAD31_16", 1814.841, -48.3848, "B", "DIP", "G", "", "C", 57.087, 57.087, 33.464, 33.464, 0],
		[133, "PAD32_3", 2710, -680, "T", "DIP", "5V", "", "C", 60, 60, 30, 30, 180],
		[134, "PAD32_3", 2710, -680, "B", "DIP", "5V", "", "C", 60, 60, 30, 30, 180],
		[135, "PAD33_2", 2810, -580, "T", "DIP", "VO", "", "C", 60, 60, 30, 30, 180],
		[136, "PAD33_2", 2810, -580, "B", "DIP", "VO", "", "C", 60, 60, 30, 30, 180],
		[137, "PAD34_1", 2910, -680, "T", "DIP", "G", "", "C", 60, 60, 30, 30, 180],
		[138, "PAD34_1", 2910, -680, "B", "DIP", "G", "", "C", 60, 60, 30, 30, 180]
	]
}
}